Symbol,Series,Name,Band,Remarks
CMMIPL,ST,CMM Infraprojects Limited,2,"-"
ABCOTS,SM,A B Cotspin India Limited,5,"-"
ACCORD,SM,Accord Synergy Limited,5,"-"
AGARWALFT,ST,Agarwal Float Glass India Limited,5,"-"
AGNI,SM,Agni Green Power Limited,5,"-"
AGUL,SM,A G Universal Limited,5,"-"
AHIMSA,ST,Ahimsa Industries Limited,5,"-"
AILIMITED,ST,Abhishek Integrations Limited,5,"-"
AIMTRON,SM,Aimtron Electronics Limited,5,"-"
AISL,ST,ANI Integrated Services Limited,5,"-"
AKIKO,ST,Akiko Global Services Limited,5,"-"
ALPEXSOLAR,SM,Alpex Solar Limited,5,"-"
ALUWIND,SM,Aluwind Architectural Limited,5,"-"
AMBANIORG,SM,Ambani Organics Limited,5,"-"
AMBEY,ST,Ambey Laboratories Limited,5,"-"
AMEYA,SM,Ameya Precision Engineers Limited,5,"-"
APS,SM,Australian Premium Solar (India) Limited,5,"-"
ARHAM,ST,Arham Technologies Limited,5,"-"
ASCOM,ST,Ascom Leasing & Investments Limited,5,"-"
ASLIND,ST,ASL Industries Limited,5,"-"
ATMASTCO,SM,Atmastco Limited,5,"-"
AVSL,ST,AVSL Industries Limited,5,"-"
BAHETI,SM,Baheti Recycling Industries Limited,5,"-"
BLUEPEBBLE,SM,Blue Pebble Limited,5,"-"
BMETRICS,SM,Bombay Metrics Supply Chain Limited,5,"-"
BRIGHT,SZ,Bright Solar Limited,5,"-"
CADSYS,ST,Cadsys (India) Limited,5,"-"
CELLECOR,SM,Cellecor Gadgets Limited,5,"-"
CGRAPHICS,SM,Creative Graphics Solutions India Limited,5,"-"
CLOUD,SM,Varanium Cloud Limited,5,"-"
CMRSL,SM,Cyber Media Research & Services Limited,5,"-"
CONTI,SM,Continental Seeds and Chemicals Limited,5,"-"
CPS,ST,C P S Shapers Limited,5,"-"
DESTINY,ST,Destiny Logistics & Infra Limited,5,"-"
DHTL,SM,Docmode Health Technologies Limited,5,"-"
DPEL,ST,Divine Power Energy Limited,5,"-"
DRONE,SM,Drone Destination Limited,5,"-"
DRSCARGO,ST,DRS Cargo Movers Limited,5,"-"
DTL,ST,Diensten Tech Limited,5,"-"
DYNAMIC,SM,Dynamic Services & Security Limited,5,"-"
EFFWA,ST,EFFWA INFRA & RESEARCH LIMITED,5,"-"
ENSER,SM,Enser Communications Limited,5,"-"
ESCONET,SM,Esconet Technologies Limited,5,"-"
FELIX,SM,Felix Industries Limited,5,"-"
FROG,SM,Frog Cellsat Limited,5,"-"
GGBL,ST,GANESH GREEN BHARAT LIMITED,5,"-"
GICL,SM,Globe International Carriers Limited,5,"-"
GIRIRAJ,ST,Giriraj Civil Developers Limited,5,"-"
GOLDKART,ST,Goldkart Jewels Limited,5,"-"
GRAPHISAD,SM,Graphisads Limited,5,"-"
GRCL,SM,Gayatri Rubbers And Chemicals Limited,5,"-"
GRETEX,ST,Gretex Industries Limited,5,"-"
GSMFOILS,ST,GSM Foils Limited,5,"-"
HOMESFY,ST,Homesfy Realty Limited,5,"-"
INSPIRE,SM,Inspire Films Limited,5,"-"
ISHAN,SM,Ishan International Limited,5,"-"
JAINAM,SM,Jainam Ferro Alloys (I) Limited,5,"-"
JAKHARIA,ST,JAKHARIA FABRIC LIMITED,5,"-"
JSLL,ST,Jeena Sikho Lifecare Limited,5,"-"
K2INFRA,SM,K2 Infragen Limited,5,"-"
KCEIL,SM,Kay Cee Energy & Infra Limited,5,"-"
KCK,ST,Kck Industries Limited,5,"-"
KDL,SM,Kore Digital Limited,5,"-"
KKVAPOW,SM,KKV Agro Powers Limited,5,"-"
KNAGRI,SM,Kn Agri Resources Limited,5,"-"
KODYTECH,SM,Kody Technolab Limited,5,"-"
KONSTELEC,SM,Konstelec Engineers Limited,5,"-"
KONTOR,SM,Kontor Space Limited,5,"-"
KRISHCA,SM,Krishca Strapping Solutions Limited,5,"-"
KRISHIVAL,SM,Krishival Foods Limited,5,"-"
KRISHNADEF,SM,Krishna Defence And Allied Industries Limited,5,"-"
LLOYDS,SM,Lloyds Luxuries Limited,5,"-"
LRRPL,SM,Lead Reclaim And Rubber Products Limited,5,"-"
MAITREYA,SM,Maitreya Medicare Limited,5,"-"
MAKS,SM,Maks Energy Solutions India Limited,5,"-"
MANAV,SM,Manav Infra Projects Limited,5,"-"
MASTER,SM,Master Components Limited,5,"-"
MCON,SM,Mcon Rasayan India Limited,5,"-"
MEGAFLEX,SM,Mega Flex Plastics Limited,5,"-"
MILTON,SM,Milton Industries Limited,5,"-"
MINDPOOL,ST,Mindpool Technologies Limited,5,"-"
MONOPHARMA,SM,Mono Pharmacare Limited,5,"-"
MPTODAY,SM,Madhya Pradesh Today Media Limited,5,"-"
NEPHROCARE,ST,Nephro Care India Limited,5,"-"
NIRMAN,SM,Nirman Agri Genetics Limited,5,"-"
ONDOOR,SM,On Door Concepts Limited,5,"-"
ORIANA,SM,Oriana Power Limited,5,"-"
OWAIS,SM,Owais Metal And Mineral Processing Limited,5,"-"
PARIN,SM,Parin Furniture Limited,5,"-"
PASHUPATI,SM,Pashupati Cotspin Limited,5,"-"
PATTECH,ST,Pattech Fitwell Tube Components Limited,5,"-"
PCCL,ST,Petro Carbon and Chemicals Limited,5,"-"
PERFECT,SM,Perfect Infraengineers Limited,5,"-"
PRAMARA,SM,Pramara Promotions Limited,5,"-"
PRATHAM,SM,Pratham EPC Projects Limited,5,"-"
PRITIKA,SM,Pritika Engineering Components Limited,5,"-"
PROLIFE,SM,Prolife Industries Limited,5,"-"
PULZ,SM,Pulz Electronics Limited,5,"-"
QFIL,SM,Quality Foils (India) Limited,5,"-"
QUADPRO,SM,Quadpro Ites Limited,5,"-"
REFRACTORY,SM,Refractory Shapes Limited,5,"-"
REXPIPES,SM,Rex Pipes And Cables Industries Limited,5,"-"
RICHA,SM,Richa Info Systems Limited,5,"-"
RILINFRA,SM,Rachana Infrastructure Limited,5,"-"
SABAR,SM,Sabar Flex India Limited,5,"-"
SAHANA,SM,Sahana System Limited,5,"-"
SARTELE,SM,Sar Televenture Limited,5,"-"
SECL,SM,Salasar Exteriors And Contour Limited,5,"-"
SHAIVAL,ST,Shaival Reality Limited,5,"-"
SHEETAL,ST,Sheetal Universal Limited,5,"-"
SHIGAN,SM,Shigan Quantum Technologies Limited,5,"-"
SHIVAUM,ST,Shiv Aum Steels Limited,5,"-"
SHREEKARNI,SM,Shree Karni Fabcom Limited,5,"-"
SHUBHLAXMI,SM,Shubhlaxmi Jewel Art Limited,5,"-"
SIDDHIKA,SM,Siddhika Coatings Limited,5,"-"
SJLOGISTIC,SM,S J Logistics (India) Limited,5,"-"
SMVD,ST,SMVD Poly Pack Limited,5,"-"
SOLEX,SM,Solex Energy Limited,5,"-"
SONUINFRA,SM,Sonu Infratech Limited,5,"-"
SPECTRUM,SM,Spectrum Electrical Industries Limited,5,"-"
SPRL,ST,Sp Refractories Limited,5,"-"
SSFL,SM,Srivari Spices And Foods Limited,5,"-"
SWARAJ,SM,Swaraj Suiting Limited,5,"-"
TAC,SM,TAC Infosec Limited,5,"-"
TAPIFRUIT,SM,Tapi Fruit Processing Limited,5,"-"
TBI,SM,TBI Corn Limited,5,"-"
TECHLABS,SM,Trident Techlabs Limited,5,"-"
TGL,SM,Teerth Gopicon Limited,5,"-"
TIMESCAN,SM,Timescan Logistics (India) Limited,5,"-"
TIRUPATI,SM,Shree Tirupati Balajee FIBC Limited,5,"-"
TRANSWIND,SM,Transwind Infrastructures Limited,5,"-"
TRUST,SM,Trust Fintech Limited,5,"-"
URBAN,SM,Urban Enviro Waste Management Limited,5,"-"
UWCSL,SM,Ultra Wiring Connectivity System Limited,5,"-"
VASA,SM,Vasa Retail and Overseas Ltd,5,"-"
VEEKAYEM,SM,Veekayem Fashion And Apparels Limited,5,"-"
VELS,SM,Vels Film International Limited,5,"-"
VERITAAS,SM,Veritaas Advertising Limited,5,"-"
VERTEXPLUS,ST,Vertexplus Technologies Limited,5,"-"
VIAZ,SM,Viaz Tyres Limited,5,"-"
VINYAS,SM,Vinyas Innovative Technologies Limited,5,"-"
VISHNUINFR,SM,Vishnusurya Projects and Infra Limited,5,"-"
VIVIANA,SM,Viviana Power Tech Limited,5,"-"
VIVO,SM,Vivo Collaboration Solutions Limited,5,"-"
VMARCIND,SM,V Marc India Limited,5,"-"
VSCL,ST,Vadivarhe Speciality Chemicals Limited,5,"-"
WALPAR,SM,Walpar Nutritions Limited,5,"-"
WOMANCART,SM,Womancart Limited,5,"-"
YUDIZ,ST,Yudiz Solutions Limited,5,"-"
ZTECH,SM,Z-Tech (India) Limited,5,"-"
3RDROCK,IT,3rd Rock Multimedia Limited,10,"-"
AATMAJ,SM,Aatmaj Healthcare Limited,10,"-"
ABINFRA,SM,A B Infrabuild Limited,10,"-"
ABSMARINE,SM,ABS Marine Services Limited,10,"-"
AKANKSHA,SM,Akanksha Power and Infrastructure Limited,10,"-"
ANLON,SM,Anlon Technology Solutions Limited,10,"-"
AVPINFRA,SM,AVP Infracon Limited,10,"-"
BASILIC,SM,Basilic Fly Studio Limited,10,"-"
BDR,IT,BDR Buildcon Limited,10,"-"
CMNL,SM,Chaman Metallics Limited,10,"-"
CRAYONS,SM,Crayons Advertising Limited,10,"-"
DCG,SM,DCG Cables & Wires Limited,10,"-"
DELAPLEX,SM,Delaplex Limited,10,"-"
DRL,SM,Dhanuka Realty Limited,10,"-"
DUGLOBAL,SM,DUDIGITAL GLOBAL LIMITED,10,"-"
ENFUSE,SM,Enfuse Solutions Limited,10,"-"
GIRRESORTS,IT,GIR Natureview Resorts Limited,10,"-"
GSTL,SM,Globesecure Technologies Limited,10,"-"
HRHNEXT,SM,HRH Next Services Limited,10,"-"
IEML,SM,Indian Emulsifiers Limited,10,"-"
JALAN,SM,Jalan Transolutions (India) Limited,10,"-"
JETKNIT,SM,Jet Knitwears Limited,10,"-"
JFLLIFE,SM,Jfl Life Sciences Limited,10,"-"
KARNIKA,SM,Karnika Industries Limited,10,"-"
KORE,SM,Jay Jalaram Technologies Limited,10,"-"
LEMERITE,SM,Le Merite Exports Limited,10,"-"
MDL,SM,Marvel Decor Limited,10,"-"
MOXSH,SM,Moxsh Overseas Educon Limited,10,"-"
NAMAN,SM,Naman In-Store (India) Limited,10,"-"
NPST,SM,Network People Services Technologies Limited,10,"-"
OLIL,SM,Oneclick Logistics India Limited,10,"-"
OMFURN,SM,Omfurn India Limited,10,"-"
PRLIND,SM,Premier Roadlines Limited,10,"-"
QUESTLAB,SM,Quest Laboratories Limited,10,"-"
RBMINFRA,SM,Rbm Infracon Limited,10,"-"
RMDRIP,SM,R M Drip and Sprinklers Systems Limited,10,"-"
ROCKINGDCE,SM,Rockingdeals Circular Economy Limited,10,"-"
SAAKSHI,SM,Saakshi Medtech and Panels Limited,10,"-"
SEL,SM,Sungarner Energies Limited,10,"-"
SLONE,SM,Slone Infosystems Limited,10,"-"
SONAMAC,SM,Sona Machinery Limited,10,"-"
SPECTSTM,SM,Spectrum Talent Management Limited,10,"-"
SURANI,SM,Surani Steel Tubes Limited,10,"-"
TCL,SM,Thaai Casting Limited,10,"-"
VERA,SM,Vera Synthetic Limited,10,"-"
VILAS,SM,Vilas Transcore Limited,10,"-"
WINSOL,SM,Winsol Engineers Limited,10,"-"
ABNINT,IT,A B N Intercorp Limited,20,"-"
ACCENTMIC,SM,Accent Microcell Limited,20,"-"
ACSAL,SM,Arvind and Company Shipping Agencies Limited,20,"-"
ALLETEC,SM,All E Technologies Limited,20,"-"
AMIABLE,SM,Amiable Logistics (India) Limited,20,"-"
ANNAPURNA,SM,Annapurna Swadisht Limited,20,"-"
ARABIAN,SM,Arabian Petroleum Limited,20,"-"
ARIHANTACA,SM,Arihant Academy Limited,20,"-"
ARISTO,SM,Aristo Bio-Tech And Lifescience Limited,20,"-"
ASPIRE,SM,Aspire & Innovative Advertising Limited,20,"-"
AURDIS,SM,Aurangabad Distillery Limited,20,"-"
AUROIMPEX,SM,Auro Impex & Chemicals Limited,20,"-"
BABAFP,SM,Baba Food Processing (India) Limited,20,"-"
BAWEJA,SM,Baweja Studios Limited,20,"-"
BEACON,SM,Beacon Trusteeship Limited,20,"-"
BETA,SM,Beta Drugs Limited,20,"-"
BEWLTD,SM,BEW Engineering Limited,20,"-"
BHALCHANDR,IT,Bhalchandram Clothing Limited,20,"-"
BIRDYS,SM,Grill Splendour Services Limited,20,"-"
CANARYS,SM,Canarys Automations Limited,20,"-"
CBAZAAR,SM,Net Avenue Technologies Limited,20,"-"
CELLPOINT,SM,Cell Point (India) Limited,20,"-"
CHAVDA,SM,Chavda Infra Limited,20,"-"
CLSL,SM,Crop Life Science Limited,20,"-"
COMMITTED,SM,Committed Cargo Care Limited,20,"-"
COOLCAPS,SM,Cool Caps Industries Limited,20,"-"
DEEM,SM,Deem Roll Tech Limited,20,"-"
DENEERS,SM,De Neers Tools Limited,20,"-"
DENTALKART,SM,Vasa Denticity Limited,20,"-"
DIGIKORE,SM,Digikore Studios Limited,20,"-"
DKEGL,SM,D.K. Enterprises Global Limited,20,"-"
DOLLEX,SM,Dollex Agrotech Limited,20,"-"
DRSDILIP,SM,DRS Dilip Roadlines Limited,20,"-"
DUCOL,SM,Ducol Organics And Colours Limited,20,"-"
DURLAX,SM,Durlax Top Surface Limited,20,"-"
EFACTOR,SM,E Factor Experiences Limited,20,"-"
EFORCE,SM,Electro Force (India) Limited,20,"-"
EMKAYTOOLS,SM,Emkay Taps and Cutting Tools Limited,20,"-"
EMMIL,SM,Energy Mission Machineries (India) Limited,20,"-"
ESFL,SM,Essen Speciality Films Limited,20,"-"
EUROBOND,SM,Euro Panel Products Limited,20,"-"
FALCONTECH,SM,Falcon Technoprojects India Limited,20,"-"
FIDEL,SM,Fidel Softech Limited,20,"-"
FOCE,SM,Foce India Limited,20,"-"
FONEBOX,SM,Fonebox Retail Limited,20,"-"
GLOBALPET,SM,Global Pet Industries Limited,20,"-"
GOLDSTAR,SM,Goldstar Power Limited,20,"-"
GOYALSALT,SM,Goyal Salt Limited,20,"-"
GPECO,SM,GP Eco Solutions India Limited,20,"-"
GREENCHEF,SM,Greenchef Appliances Limited,20,"-"
HIGREEN,SM,Hi-Green Carbon Limited,20,"-"
HOACFOODS,SM,Hoac Foods India Limited,20,"-"
HOLMARC,SM,Holmarc Opto-Mechatronics Limited,20,"-"
IBLFL,SM,IBL Finance Limited,20,"-"
INDIFRA,SM,Indifra Limited,20,"-"
INFINIUM,SM,Infinium Pharmachem Limited,20,"-"
INFOLLION,SM,INFOLLION RESEARCH SERVICES LIMITED,20,"-"
INM,SM,Interiors & More Limited,20,"-"
INNOVANA,SM,Innovana Thinklabs Limited,20,"-"
IPSL,SM,Integrated Personnel Services Limited,20,"-"
ITALIANE,SM,Italian Edibles Limited,20,"-"
JIWANRAM,SM,Jiwanram Sheoduttrai Industries Limited,20,"-"
KANDARP,SM,Kandarp Digi Smart Bpo Limited,20,"-"
KEL,SM,Kundan Edifice Limited,20,"-"
KHFM,SM,Khfm Hospitality And Facility Management Services Limited,20,"-"
KLL,SM,Kaushalya Logistics Limited,20,"-"
KOTYARK,SM,Kotyark Industries Limited,20,"-"
KTL,SM,Kalahridhaan Trendz Limited,20,"-"
LAWSIKHO,SM,Addictive Learning Technology Limited,20,"-"
MADHAVBAUG,SM,Vaidya Sane Ayurved Laboratories Limited,20,"-"
MADHUSUDAN,SM,Madhusudan Masala Limited,20,"-"
MAGSON,SM,Magson Retail And Distribution Limited,20,"-"
MAHICKRA,SM,Mahickra Chemicals Limited,20,"-"
MAL,SM,Mangalam Alloys Limited,20,"-"
MANDEEP,SM,Mandeep Auto Industries Limited,20,"-"
MARCO,SM,Marco Cables & Conductors Limited,20,"-"
MARINETRAN,SM,Marinetrans India Limited,20,"-"
MASON,SM,MASON INFRATECH LIMITED,20,"-"
MAXPOSURE,SM,Maxposure Limited,20,"-"
MEDIORG,SM,Medicamen Organics Limited,20,"-"
MEGATHERM,SM,Megatherm Induction Limited,20,"-"
MHHL,SM,Mohini Health & Hygiene Limited,20,"-"
MICROPRO,SM,Micropro Software Solutions Limited,20,"-"
MOS,SM,Mos Utility Limited,20,"-"
MVKAGRO,SM,M.V.K. Agro Food Product Limited,20,"-"
MWL,SM,Mangalam Worldwide Limited,20,"-"
NEWJAISA,SM,Newjaisa Technologies Limited,20,"-"
NIDAN,SM,Nidan Laboratories And Healthcare Limited,20,"-"
PARAGON,SM,Paragon Fine and Speciality Chemical Limited,20,"-"
PARTYCRUS,SM,Party Cruisers Limited,20,"-"
PENTAGON,SM,Pentagon Rubber Limited,20,"-"
PHANTOMFX,SM,Phantom Digital Effects Limited,20,"-"
PLADAINFO,SM,Plada Infotech Services Limited,20,"-"
POLYSIL,SM,Polysil Irrigation Systems Limited,20,"-"
PRECISION,SM,Precision Metaliks Limited,20,"-"
PRESSTONIC,SM,Presstonic Engineering Limited,20,"-"
PROPEQUITY,SM,P. E. Analytics Limited,20,"-"
PROV,SM,Proventus Agrocom Limited,20,"-"
PURVFLEXI,SM,Purv Flexipack Limited,20,"-"
QMSMEDI,SM,Qms Medical Allied Services Limited,20,"-"
QUICKTOUCH,SM,Quicktouch Technologies Limited,20,"-"
RADIOWALLA,SM,Radiowalla Network Limited,20,"-"
RBS,SM,Ramdevbaba Solvent Limited,20,"-"
RCDL,SM,Rajgor Castor Derivatives Limited,20,"-"
REMUS,SM,Remus Pharmaceuticals Limited,20,"-"
RITEZONE,SM,Rite Zone Chemcon India Limited,20,"-"
ROXHITECH,SM,Rox Hi Tech Limited,20,"-"
RULKA,SM,Rulka Electricals Limited,20,"-"
SADHAV,SM,Sadhav Shipping Limited,20,"-"
SAHAJ,SM,Sahaj Fashions Limited,20,"-"
SAIFL,SM,Sameera Agro And Infra Limited,20,"-"
SANGANI,SM,Sangani Hospitals Limited,20,"-"
SAROJA,SM,Saroja Pharma Industries India Limited,20,"-"
SCML,SM,Sharp Chucks and Machines Limited,20,"-"
SERVICE,SM,Service Care Limited,20,"-"
SHANTHALA,SM,Shanthala FMCG Products Limited,20,"-"
SHERA,SM,Shera Energy Limited,20,"-"
SHREEOSFM,SM,Shree OSFM E-Mobility Limited,20,"-"
SHRITECH,SM,Shri Techtex Limited,20,"-"
SIGNORIA,SM,Signoria Creation Limited,20,"-"
SILKFLEX,SM,Silkflex Polymers (India) Limited,20,"-"
SKP,SM,Skp Bearing Industries Limited,20,"-"
SOTAC,SM,Sotac Pharmaceuticals Limited,20,"-"
SPCL,SM,SHIVALIC POWER CONTROL LIMITED,20,"-"
SRIVASAVI,SM,Srivasavi Adhesive Tapes Limited,20,"-"
SUNREST,SM,Sunrest Lifescience Limited,20,"-"
SUPREMEPWR,SM,Supreme Power Equipment Limited,20,"-"
SWASTIK,SM,Swastik Pipe Limited,20,"-"
SYLVANPLY,SM,SYLVAN PLYBOARD (INDIA) LIMITED,20,"-"
SYNOPTICS,SM,Synoptics Technologies Limited,20,"-"
SYSTANGO,SM,Systango Technologies Limited,20,"-"
TRANSTEEL,SM,Transteel Seating Technologies Limited,20,"-"
TRIDHYA,SM,Tridhya Tech Limited,20,"-"
UCL,SM,Ushanti Colour Chem Limited,20,"-"
UMA,SM,Uma Converter Limited,20,"-"
UNIHEALTH,SM,Unihealth Consultancy Limited,20,"-"
USASEEDS,SM,Upsurge Seeds Of Agriculture Limited,20,"-"
VILINBIO,SM,Vilin Bio Med Limited,20,"-"
VINSYS,SM,Vinsys It Services India Limited,20,"-"
VISAMAN,SM,VISAMAN GLOBAL SALES LIMITED,20,"-"
VISHWAS,SM,Vishwas Agri Seeds Limited,20,"-"
VITAL,SM,Vital Chemtech Limited,20,"-"
VR,SM,V R Infraspace Limited,20,"-"
WINNY,SM,Winny Immigration & Education Services Limited,20,"-"
WTICAB,SM,Wise Travel India Limited,20,"-"
YASHOPTICS,SM,Yash Optics & Lens Limited,20,"-"
YCCL,SM,Yasons Chemex Care Limited,20,"-"
ZEAL,SM,Zeal Global Services Limited,20,"-"
ZENITHDRUG,SM,Zenith Drugs Limited,20,"-"
SARTE-RE,ST,SAR TELEVENTURE LIMITED - RIGHTS ENTITLEMENT,40,"-"
