"Security Name","Symbol Name","Trade Date","Quantity"
"TATA CONSULTANCY SERV LT","TCS","29-Aug-2024","4375"
"ULTRATECH CEMENT LIMITED","ULTRACEMCO","29-Aug-2024","400"
"UPL LIMITED","UPL","29-Aug-2024","23444"
"ASTRAL POLY TECHNIK LIMITED","ASTRAL","29-Aug-2024","734"
"POWER FIN CORP LTD.","PFC","29-Aug-2024","19734"
"NATIONAL ALUMINIUM CO LTD","NATIONALUM","29-Aug-2024","7500"
"MPHASIS LIMITED","MPHASIS","29-Aug-2024","7975"
"THE RAMCO CEMENTS LIMITED","RAMCOCEM","29-Aug-2024","9350"
"BATA INDIA LTD","BATAINDIA","29-Aug-2024","1875"
"TITAN INDUSTRIES LTD","TITAN","29-Aug-2024","676"
"BHARTI AIRTEL LIMITED","BHARTIARTL","29-Aug-2024","5225"
"TATA MOTORS LIMITED","TATAMOTORS","29-Aug-2024","309006"
"INDIAN ENERGY EXCHANGE LIMITED","IEX","29-Aug-2024","41250"
"JSW STEEL LIMITED","JSWSTEEL","29-Aug-2024","4855"
"ADANI ENTERPRISES LIMITED","ADANIENT","29-Aug-2024","1200"
"BANDHAN BANK LIMITED","BANDHANBNK","29-Aug-2024","3100"
"NMDC LTD.","NMDC","29-Aug-2024","4500"
"ADITYA BIRLA FASHION & RT","ABFRL","29-Aug-2024","2600"
"TECH MAHINDRA LIMITED","TECHM","29-Aug-2024","4030"
"ICICI PRU LIFE INS CO LTD ","ICICIPRULI","29-Aug-2024","4500"
"ABBOTT INDIA LIMITED","ABBOTINDIA","29-Aug-2024","460"
"OBEROI REALTY LIMITED","OBEROIRLTY","29-Aug-2024","24"
"INDUS","INDUSTOWER","29-Aug-2024","6800"
"ASIAN PAINTS LIMITED","ASIANPAINT","29-Aug-2024","897"
"LAURUS LABS LIMITED","LAURUSLABS","29-Aug-2024","3400"
"HAVELLS INDIA LIMITED","HAVELLS","29-Aug-2024","1500"
"INDRAPRASTHA GAS LTD","IGL","29-Aug-2024","1375"
"COLGATE PALMOLIVE LTD.","COLPAL","29-Aug-2024","1750"
"CROMPT GREA CON ELEC LTD  ","CROMPTON","29-Aug-2024","1800"
"DALMIA BHARAT LIMITED","DALBHARAT","29-Aug-2024","550"
"LARSEN & TOUBRO LTD.","LT","29-Aug-2024","290"
"EXIDE INDUSTRIES LTD","EXIDEIND","29-Aug-2024","21600"
"GRASIM INDUSTRIES LTD","GRASIM","29-Aug-2024","2000"
"L&T FINANCE LIMITED","LTF","29-Aug-2024","40158"
"TVS MOTOR COMPANY  LTD","TVSMOTOR","29-Aug-2024","3850"
"HINDUSTAN COPPER LIMITED","HINDCOPPER","29-Aug-2024","550"
"SRF LTD","SRF","29-Aug-2024","1875"
"OIL AND NATURAL GAS CORP.","ONGC","29-Aug-2024","44275"
"FEDERAL BANK LTD","FEDERALBNK","29-Aug-2024","5000"
"ASHOK LEYLAND LTD","ASHOKLEY","29-Aug-2024","75000"
"AXIS BANK LIMITED","AXISBANK","29-Aug-2024","2500"
"INDIAN OIL CORP LTD","IOC","29-Aug-2024","19500"
"PIDILITE INDUSTRIES LIMITED","PIDILITIND","29-Aug-2024","250"
"SIEMENS LTD","SIEMENS","29-Aug-2024","300"
"ZYDUS LIFESCIENCES","ZYDUSLIFE","29-Aug-2024","1800"
"BHARAT PETROLEUM CORP  LT","BPCL","29-Aug-2024","26897"
"ICICI LOMBARD GENERAL INSURANCE COMPANY LIMITED","ICICIGI","29-Aug-2024","8000"
"JUBILANT FOODWORKS LTD","JUBLFOOD","29-Aug-2024","18350"
"POLYCAB INDIA LIMITED","POLYCAB","29-Aug-2024","125"
"IPCA LABORATORIES LIMITED","IPCALAB","29-Aug-2024","1950"
"MARUTI SUZUKI INDIA LTD.","MARUTI","29-Aug-2024","2300"
"DR. LAL PATH LABS LTD.","LALPATHLAB","29-Aug-2024","590"
"HDFC AMC LIMITED","HDFCAMC","29-Aug-2024","334"
"BHARAT FORGE LTD","BHARATFORG","29-Aug-2024","16"
"TRENT LIMITED","TRENT","29-Aug-2024","2306"
"POWER GRID CORP. LTD.","POWERGRID","29-Aug-2024","10800"
"KOTAK MAHINDRA BANK LTD","KOTAKBANK","29-Aug-2024","780"
"RELIANCE INDUSTRIES LTD","RELIANCE","29-Aug-2024","5975"
"HINDALCO  INDUSTRIES  LTD","HINDALCO","29-Aug-2024","1400"
"DIXON TECHNO (INDIA) LTD","DIXON","29-Aug-2024","1200"
"EIH LIMITED","EIHOTEL","29-Aug-2024","80"
"TORRENT PHARMACEUTICALS L","TORNTPHARM","29-Aug-2024","3000"
"LIC HOUSING FINANCE LTD","LICHSGFIN","29-Aug-2024","1000"
"ALKEM LABORATORIES LTD.","ALKEM","29-Aug-2024","812"
"PI INDUSTRIES LTD        ","PIIND","29-Aug-2024","250"
"ADITYA BIRLA CAPITAL LIMITED","ABCAPITAL","29-Aug-2024","5400"
"ADANI PORT & SEZ LTD","ADANIPORTS","29-Aug-2024","1600"
"PAGE INDUSTRIES LTD","PAGEIND","29-Aug-2024","30"
"AUROBINDO PHARMA LTD","AUROPHARMA","29-Aug-2024","2200"
"BHEL","BHEL","29-Aug-2024","89249"
"TATA COMMUNICATIONS LTD","TATACOMM","29-Aug-2024","1000"
"ITC LTD","ITC","29-Aug-2024","11875"
"HERO MOTOCORP LTD","HEROMOTOCO","29-Aug-2024","260"
"L&T TECHNOLOGY SER. LTD","LTTS","29-Aug-2024","8806"
"Oracle Financial Services Software Limited","OFSS","29-Aug-2024","200"
"INDIAMART INTERMESH LTD","INDIAMART","29-Aug-2024","600"
"LUPIN LIMITED","LUPIN","29-Aug-2024","12750"
"MARICO LIMITED","MARICO","29-Aug-2024","2400"
"TATA POWER CO LTD","TATAPOWER","29-Aug-2024","10225"
"PETRONET LNG LIMITED","PETRONET","29-Aug-2024","6000"
"ACC LIMITED","ACC","29-Aug-2024","300"
"DABUR INDIA LTD","DABUR","29-Aug-2024","2500"
"SBI CARDS & PAY SER LTD","SBICARD","29-Aug-2024","42398"
"INFRA. DEV. FIN. CO. LTD","IDFC","29-Aug-2024","5000"
"CAN FIN HOMES LTD        ","CANFINHOME","29-Aug-2024","17725"
"GODREJ PROPERTIES LTD","GODREJPROP","29-Aug-2024","1125"
"HDFC STANDARD LIFE INSURANCE COMPANY LIMITED","HDFCLIFE","29-Aug-2024","75299"
"THE INDIAN HOTELS CO. LTD","INDHOTEL","29-Aug-2024","3503"
"INTERGLOBE AVIATION LTD  ","INDIGO","29-Aug-2024","3700"
"COALINDIA","COALINDIA","29-Aug-2024","2800"
"COFORGE LIMITED","COFORGE","29-Aug-2024","300"
"MULTI COMMODITY EXCHANGE OF INDIA LIMITED","MCX","29-Aug-2024","1588"
"MAHINDRA & MAHINDRA FINANCIAL SERVICES LIMITED","M&MFIN","29-Aug-2024","2000"
"BALKRISHNA IND. LTD      ","BALKRISIND","29-Aug-2024","1500"
"MAHINDRA & MAHINDRA LTD","M&M","29-Aug-2024","360"
"ATUL LTD","ATUL","29-Aug-2024","100"
"PIRAMAL ENTERPRISES LTD","PEL","29-Aug-2024","750"
"HINDUSTAN UNILEVER LTD.","HINDUNILVR","29-Aug-2024","850"
"UNITED SPIRITS LIMITED","UNITDSPR","29-Aug-2024","700"
"BAJAJ FINSERV LIMITED","BAJAJFINSV","29-Aug-2024","1500"
"RURAL ELEC CORP. LTD.","RECLTD","29-Aug-2024","6000"
"SUN PHARMACEUTICALS IND.","SUNPHARMA","29-Aug-2024","700"
"COROMANDEL INTERNTL. LTD ","COROMANDEL","29-Aug-2024","11900"
"GLENMARK PHARMACEUTICALS LIMITED","GLENMARK","29-Aug-2024","2900"
"HINDUSTAN AERONAUTICS LTD","HAL","29-Aug-2024","600"
"INFOSYS TECHNOLOGIES LTD","INFY","29-Aug-2024","19905"
"BERGER PAINTS (I) LIMITED","BERGEPAINT","29-Aug-2024","1320"
"CITY UNION BANK LTD      ","CUB","29-Aug-2024","5000"
"INFO EDGE (I) LTD","NAUKRI","29-Aug-2024","2675"
"ACTION CONST EQUIP LTD","ACE","29-Aug-2024","15"
"BAJAJ FINANCE LIMITED","BAJFINANCE","29-Aug-2024","6192"
"BOSCH LIMITED","BOSCHLTD","29-Aug-2024","225"
"ABB LTD.","ABB","29-Aug-2024","2875"
"BALRAMPUR CHINI MILLS LTD","BALRAMCHIN","29-Aug-2024","14400"
"SBI LIFE INSURANCE COMPANY LIMITED","SBILIFE","29-Aug-2024","4201"
"CHAMBAL FERTILIZERS LTD","CHAMBLFERT","29-Aug-2024","5700"
"AU SMALL FINANCE BANK LIMITED","AUBANK","29-Aug-2024","4000"
"PUNJAB NATIONAL BANK","PNB","29-Aug-2024","56000"
"PVR INOX Limited","PVRINOX","29-Aug-2024","407"
"VEDANTA LIMITED","VEDL","29-Aug-2024","9200"
"MAHANAGAR GAS LTD.    ","MGL","29-Aug-2024","1200"
"SURYA ROSHNI LTD","SURYAROSNI","29-Aug-2024","66"
"LTIMINDTREE LIMITED","LTIM","29-Aug-2024","6046"
"MUTHOOT FINANCE LIMITED","MUTHOOTFIN","29-Aug-2024","2200"
"APOLLO HOSPITALS ENTERPRISE LIMITED","APOLLOHOSP","29-Aug-2024","125"
"NTPC LTD","NTPC","29-Aug-2024","7500"
"GMR INFRASTRUCTURE LTD.","GMRINFRA","29-Aug-2024","11250"
"BAJAJ AUTO LIMITED","BAJAJ-AUTO","29-Aug-2024","1500"
"BHARAT ELECTRONICS LTD","BEL","29-Aug-2024","17101"
"HCL TECHNOLOGIES LTD","HCLTECH","29-Aug-2024","3890"
"PERSISTENT SYSTEMS LTD","PERSISTENT","29-Aug-2024","1000"
"VOLTAS LTD","VOLTAS","29-Aug-2024","3600"
"HDFC BANK LTD","HDFCBANK","29-Aug-2024","3313"
